[{
	"__metadata": {
		"id": "https://ldai2uia.wdf.sap.corp:44300/sap/opu/odata/sap/SEPMRA_ALP_SO_ANA_SRV/SEPMRA_C_ALP_SlsOrdStatusVH('N')",
		"uri": "https://ldai2uia.wdf.sap.corp:44300/sap/opu/odata/sap/SEPMRA_ALP_SO_ANA_SRV/SEPMRA_C_ALP_SlsOrdStatusVH('N')",
		"type": "SEPMRA_ALP_SO_ANA_SRV.SEPMRA_C_ALP_SlsOrdStatusVHType"
	},
	"SalesOrderOverallStatus": "N",
	"SalesOrderOverallStatus_Text": "New",
	"to_Text": {
		"__deferred": {
			"uri": "https://ldai2uia.wdf.sap.corp:44300/sap/opu/odata/sap/SEPMRA_ALP_SO_ANA_SRV/SEPMRA_C_ALP_SlsOrdStatusVH('N')/to_Text"
		}
	}
}, {
	"__metadata": {
		"id": "https://ldai2uia.wdf.sap.corp:44300/sap/opu/odata/sap/SEPMRA_ALP_SO_ANA_SRV/SEPMRA_C_ALP_SlsOrdStatusVH('X')",
		"uri": "https://ldai2uia.wdf.sap.corp:44300/sap/opu/odata/sap/SEPMRA_ALP_SO_ANA_SRV/SEPMRA_C_ALP_SlsOrdStatusVH('X')",
		"type": "SEPMRA_ALP_SO_ANA_SRV.SEPMRA_C_ALP_SlsOrdStatusVHType"
	},
	"SalesOrderOverallStatus": "X",
	"SalesOrderOverallStatus_Text": "Canceled",
	"to_Text": {
		"__deferred": {
			"uri": "https://ldai2uia.wdf.sap.corp:44300/sap/opu/odata/sap/SEPMRA_ALP_SO_ANA_SRV/SEPMRA_C_ALP_SlsOrdStatusVH('X')/to_Text"
		}
	}
}, {
	"__metadata": {
		"id": "https://ldai2uia.wdf.sap.corp:44300/sap/opu/odata/sap/SEPMRA_ALP_SO_ANA_SRV/SEPMRA_C_ALP_SlsOrdStatusVH('D')",
		"uri": "https://ldai2uia.wdf.sap.corp:44300/sap/opu/odata/sap/SEPMRA_ALP_SO_ANA_SRV/SEPMRA_C_ALP_SlsOrdStatusVH('D')",
		"type": "SEPMRA_ALP_SO_ANA_SRV.SEPMRA_C_ALP_SlsOrdStatusVHType"
	},
	"SalesOrderOverallStatus": "D",
	"SalesOrderOverallStatus_Text": "Delivered",
	"to_Text": {
		"__deferred": {
			"uri": "https://ldai2uia.wdf.sap.corp:44300/sap/opu/odata/sap/SEPMRA_ALP_SO_ANA_SRV/SEPMRA_C_ALP_SlsOrdStatusVH('D')/to_Text"
		}
	}
}, {
	"__metadata": {
		"id": "https://ldai2uia.wdf.sap.corp:44300/sap/opu/odata/sap/SEPMRA_ALP_SO_ANA_SRV/SEPMRA_C_ALP_SlsOrdStatusVH('I')",
		"uri": "https://ldai2uia.wdf.sap.corp:44300/sap/opu/odata/sap/SEPMRA_ALP_SO_ANA_SRV/SEPMRA_C_ALP_SlsOrdStatusVH('I')",
		"type": "SEPMRA_ALP_SO_ANA_SRV.SEPMRA_C_ALP_SlsOrdStatusVHType"
	},
	"SalesOrderOverallStatus": "I",
	"SalesOrderOverallStatus_Text": "In Progress",
	"to_Text": {
		"__deferred": {
			"uri": "https://ldai2uia.wdf.sap.corp:44300/sap/opu/odata/sap/SEPMRA_ALP_SO_ANA_SRV/SEPMRA_C_ALP_SlsOrdStatusVH('I')/to_Text"
		}
	}
}, {
	"__metadata": {
		"id": "https://ldai2uia.wdf.sap.corp:44300/sap/opu/odata/sap/SEPMRA_ALP_SO_ANA_SRV/SEPMRA_C_ALP_SlsOrdStatusVH('P')",
		"uri": "https://ldai2uia.wdf.sap.corp:44300/sap/opu/odata/sap/SEPMRA_ALP_SO_ANA_SRV/SEPMRA_C_ALP_SlsOrdStatusVH('P')",
		"type": "SEPMRA_ALP_SO_ANA_SRV.SEPMRA_C_ALP_SlsOrdStatusVHType"
	},
	"SalesOrderOverallStatus": "P",
	"SalesOrderOverallStatus_Text": "Paid",
	"to_Text": {
		"__deferred": {
			"uri": "https://ldai2uia.wdf.sap.corp:44300/sap/opu/odata/sap/SEPMRA_ALP_SO_ANA_SRV/SEPMRA_C_ALP_SlsOrdStatusVH('P')/to_Text"
		}
	}
}]