[{
	"__metadata": {
		"id": "https://ldai2uia.wdf.sap.corp:44300/sap/opu/odata/sap/SEPMRA_ALP_SO_ANA_SRV/SEPMRA_C_ALP_ProductCatVH('Notebooks')",
		"uri": "https://ldai2uia.wdf.sap.corp:44300/sap/opu/odata/sap/SEPMRA_ALP_SO_ANA_SRV/SEPMRA_C_ALP_ProductCatVH('Notebooks')",
		"type": "SEPMRA_ALP_SO_ANA_SRV.SEPMRA_C_ALP_ProductCatVHType"
	},
	"ProductCategory": "Notebooks",
	"MainProductCategory": "Computer Systems"
}, {
	"__metadata": {
		"id": "https://ldai2uia.wdf.sap.corp:44300/sap/opu/odata/sap/SEPMRA_ALP_SO_ANA_SRV/SEPMRA_C_ALP_ProductCatVH('PDAs%20%26%20Organizers')",
		"uri": "https://ldai2uia.wdf.sap.corp:44300/sap/opu/odata/sap/SEPMRA_ALP_SO_ANA_SRV/SEPMRA_C_ALP_ProductCatVH('PDAs%20%26%20Organizers')",
		"type": "SEPMRA_ALP_SO_ANA_SRV.SEPMRA_C_ALP_ProductCatVHType"
	},
	"ProductCategory": "PDAs & Organizers",
	"MainProductCategory": "Computer Components"
}, {
	"__metadata": {
		"id": "https://ldai2uia.wdf.sap.corp:44300/sap/opu/odata/sap/SEPMRA_ALP_SO_ANA_SRV/SEPMRA_C_ALP_ProductCatVH('Flat%20Screen%20Monitors')",
		"uri": "https://ldai2uia.wdf.sap.corp:44300/sap/opu/odata/sap/SEPMRA_ALP_SO_ANA_SRV/SEPMRA_C_ALP_ProductCatVH('Flat%20Screen%20Monitors')",
		"type": "SEPMRA_ALP_SO_ANA_SRV.SEPMRA_C_ALP_ProductCatVHType"
	},
	"ProductCategory": "Flat Screen Monitors",
	"MainProductCategory": "Computer Components"
}, {
	"__metadata": {
		"id": "https://ldai2uia.wdf.sap.corp:44300/sap/opu/odata/sap/SEPMRA_ALP_SO_ANA_SRV/SEPMRA_C_ALP_ProductCatVH('Laser%20Printers')",
		"uri": "https://ldai2uia.wdf.sap.corp:44300/sap/opu/odata/sap/SEPMRA_ALP_SO_ANA_SRV/SEPMRA_C_ALP_ProductCatVH('Laser%20Printers')",
		"type": "SEPMRA_ALP_SO_ANA_SRV.SEPMRA_C_ALP_ProductCatVHType"
	},
	"ProductCategory": "Laser Printers",
	"MainProductCategory": "Printers & Scanners"
}, {
	"__metadata": {
		"id": "https://ldai2uia.wdf.sap.corp:44300/sap/opu/odata/sap/SEPMRA_ALP_SO_ANA_SRV/SEPMRA_C_ALP_ProductCatVH('Ink%20Jet%20Printers')",
		"uri": "https://ldai2uia.wdf.sap.corp:44300/sap/opu/odata/sap/SEPMRA_ALP_SO_ANA_SRV/SEPMRA_C_ALP_ProductCatVH('Ink%20Jet%20Printers')",
		"type": "SEPMRA_ALP_SO_ANA_SRV.SEPMRA_C_ALP_ProductCatVHType"
	},
	"ProductCategory": "Ink Jet Printers",
	"MainProductCategory": "Printers & Scanners"
}, {
	"__metadata": {
		"id": "https://ldai2uia.wdf.sap.corp:44300/sap/opu/odata/sap/SEPMRA_ALP_SO_ANA_SRV/SEPMRA_C_ALP_ProductCatVH('Multifunction%20Printers')",
		"uri": "https://ldai2uia.wdf.sap.corp:44300/sap/opu/odata/sap/SEPMRA_ALP_SO_ANA_SRV/SEPMRA_C_ALP_ProductCatVH('Multifunction%20Printers')",
		"type": "SEPMRA_ALP_SO_ANA_SRV.SEPMRA_C_ALP_ProductCatVHType"
	},
	"ProductCategory": "Multifunction Printers",
	"MainProductCategory": "Printers & Scanners"
}, {
	"__metadata": {
		"id": "https://ldai2uia.wdf.sap.corp:44300/sap/opu/odata/sap/SEPMRA_ALP_SO_ANA_SRV/SEPMRA_C_ALP_ProductCatVH('Mice')",
		"uri": "https://ldai2uia.wdf.sap.corp:44300/sap/opu/odata/sap/SEPMRA_ALP_SO_ANA_SRV/SEPMRA_C_ALP_ProductCatVH('Mice')",
		"type": "SEPMRA_ALP_SO_ANA_SRV.SEPMRA_C_ALP_ProductCatVHType"
	},
	"ProductCategory": "Mice",
	"MainProductCategory": "Computer Components"
}, {
	"__metadata": {
		"id": "https://ldai2uia.wdf.sap.corp:44300/sap/opu/odata/sap/SEPMRA_ALP_SO_ANA_SRV/SEPMRA_C_ALP_ProductCatVH('Keyboards')",
		"uri": "https://ldai2uia.wdf.sap.corp:44300/sap/opu/odata/sap/SEPMRA_ALP_SO_ANA_SRV/SEPMRA_C_ALP_ProductCatVH('Keyboards')",
		"type": "SEPMRA_ALP_SO_ANA_SRV.SEPMRA_C_ALP_ProductCatVHType"
	},
	"ProductCategory": "Keyboards",
	"MainProductCategory": "Computer Components"
}, {
	"__metadata": {
		"id": "https://ldai2uia.wdf.sap.corp:44300/sap/opu/odata/sap/SEPMRA_ALP_SO_ANA_SRV/SEPMRA_C_ALP_ProductCatVH('Mousepads')",
		"uri": "https://ldai2uia.wdf.sap.corp:44300/sap/opu/odata/sap/SEPMRA_ALP_SO_ANA_SRV/SEPMRA_C_ALP_ProductCatVH('Mousepads')",
		"type": "SEPMRA_ALP_SO_ANA_SRV.SEPMRA_C_ALP_ProductCatVHType"
	},
	"ProductCategory": "Mousepads",
	"MainProductCategory": "Computer Components"
}, {
	"__metadata": {
		"id": "https://ldai2uia.wdf.sap.corp:44300/sap/opu/odata/sap/SEPMRA_ALP_SO_ANA_SRV/SEPMRA_C_ALP_ProductCatVH('Computer%20System%20Accessories')",
		"uri": "https://ldai2uia.wdf.sap.corp:44300/sap/opu/odata/sap/SEPMRA_ALP_SO_ANA_SRV/SEPMRA_C_ALP_ProductCatVH('Computer%20System%20Accessories')",
		"type": "SEPMRA_ALP_SO_ANA_SRV.SEPMRA_C_ALP_ProductCatVHType"
	},
	"ProductCategory": "Computer System Accessories",
	"MainProductCategory": "Computer Systems"
}, {
	"__metadata": {
		"id": "https://ldai2uia.wdf.sap.corp:44300/sap/opu/odata/sap/SEPMRA_ALP_SO_ANA_SRV/SEPMRA_C_ALP_ProductCatVH('Graphic%20Cards')",
		"uri": "https://ldai2uia.wdf.sap.corp:44300/sap/opu/odata/sap/SEPMRA_ALP_SO_ANA_SRV/SEPMRA_C_ALP_ProductCatVH('Graphic%20Cards')",
		"type": "SEPMRA_ALP_SO_ANA_SRV.SEPMRA_C_ALP_ProductCatVHType"
	},
	"ProductCategory": "Graphic Cards",
	"MainProductCategory": "Computer Components"
}, {
	"__metadata": {
		"id": "https://ldai2uia.wdf.sap.corp:44300/sap/opu/odata/sap/SEPMRA_ALP_SO_ANA_SRV/SEPMRA_C_ALP_ProductCatVH('Scanners')",
		"uri": "https://ldai2uia.wdf.sap.corp:44300/sap/opu/odata/sap/SEPMRA_ALP_SO_ANA_SRV/SEPMRA_C_ALP_ProductCatVH('Scanners')",
		"type": "SEPMRA_ALP_SO_ANA_SRV.SEPMRA_C_ALP_ProductCatVHType"
	},
	"ProductCategory": "Scanners",
	"MainProductCategory": "Printers & Scanners"
}, {
	"__metadata": {
		"id": "https://ldai2uia.wdf.sap.corp:44300/sap/opu/odata/sap/SEPMRA_ALP_SO_ANA_SRV/SEPMRA_C_ALP_ProductCatVH('Speakers')",
		"uri": "https://ldai2uia.wdf.sap.corp:44300/sap/opu/odata/sap/SEPMRA_ALP_SO_ANA_SRV/SEPMRA_C_ALP_ProductCatVH('Speakers')",
		"type": "SEPMRA_ALP_SO_ANA_SRV.SEPMRA_C_ALP_ProductCatVHType"
	},
	"ProductCategory": "Speakers",
	"MainProductCategory": "Computer Components"
}, {
	"__metadata": {
		"id": "https://ldai2uia.wdf.sap.corp:44300/sap/opu/odata/sap/SEPMRA_ALP_SO_ANA_SRV/SEPMRA_C_ALP_ProductCatVH('Software')",
		"uri": "https://ldai2uia.wdf.sap.corp:44300/sap/opu/odata/sap/SEPMRA_ALP_SO_ANA_SRV/SEPMRA_C_ALP_ProductCatVH('Software')",
		"type": "SEPMRA_ALP_SO_ANA_SRV.SEPMRA_C_ALP_ProductCatVHType"
	},
	"ProductCategory": "Software",
	"MainProductCategory": "Software"
}, {
	"__metadata": {
		"id": "https://ldai2uia.wdf.sap.corp:44300/sap/opu/odata/sap/SEPMRA_ALP_SO_ANA_SRV/SEPMRA_C_ALP_ProductCatVH('Telecommunications')",
		"uri": "https://ldai2uia.wdf.sap.corp:44300/sap/opu/odata/sap/SEPMRA_ALP_SO_ANA_SRV/SEPMRA_C_ALP_ProductCatVH('Telecommunications')",
		"type": "SEPMRA_ALP_SO_ANA_SRV.SEPMRA_C_ALP_ProductCatVHType"
	},
	"ProductCategory": "Telecommunications",
	"MainProductCategory": "Computer Components"
}, {
	"__metadata": {
		"id": "https://ldai2uia.wdf.sap.corp:44300/sap/opu/odata/sap/SEPMRA_ALP_SO_ANA_SRV/SEPMRA_C_ALP_ProductCatVH('PCs')",
		"uri": "https://ldai2uia.wdf.sap.corp:44300/sap/opu/odata/sap/SEPMRA_ALP_SO_ANA_SRV/SEPMRA_C_ALP_ProductCatVH('PCs')",
		"type": "SEPMRA_ALP_SO_ANA_SRV.SEPMRA_C_ALP_ProductCatVHType"
	},
	"ProductCategory": "PCs",
	"MainProductCategory": "Computer Systems"
}, {
	"__metadata": {
		"id": "https://ldai2uia.wdf.sap.corp:44300/sap/opu/odata/sap/SEPMRA_ALP_SO_ANA_SRV/SEPMRA_C_ALP_ProductCatVH('Servers')",
		"uri": "https://ldai2uia.wdf.sap.corp:44300/sap/opu/odata/sap/SEPMRA_ALP_SO_ANA_SRV/SEPMRA_C_ALP_ProductCatVH('Servers')",
		"type": "SEPMRA_ALP_SO_ANA_SRV.SEPMRA_C_ALP_ProductCatVHType"
	},
	"ProductCategory": "Servers",
	"MainProductCategory": "Computer Systems"
}, {
	"__metadata": {
		"id": "https://ldai2uia.wdf.sap.corp:44300/sap/opu/odata/sap/SEPMRA_ALP_SO_ANA_SRV/SEPMRA_C_ALP_ProductCatVH('Flat%20Screen%20TVs')",
		"uri": "https://ldai2uia.wdf.sap.corp:44300/sap/opu/odata/sap/SEPMRA_ALP_SO_ANA_SRV/SEPMRA_C_ALP_ProductCatVH('Flat%20Screen%20TVs')",
		"type": "SEPMRA_ALP_SO_ANA_SRV.SEPMRA_C_ALP_ProductCatVHType"
	},
	"ProductCategory": "Flat Screen TVs",
	"MainProductCategory": "TV, Video & HiFi"
}, {
	"__metadata": {
		"id": "https://ldai2uia.wdf.sap.corp:44300/sap/opu/odata/sap/SEPMRA_ALP_SO_ANA_SRV/SEPMRA_C_ALP_ProductCatVH('Headsets')",
		"uri": "https://ldai2uia.wdf.sap.corp:44300/sap/opu/odata/sap/SEPMRA_ALP_SO_ANA_SRV/SEPMRA_C_ALP_ProductCatVH('Headsets')",
		"type": "SEPMRA_ALP_SO_ANA_SRV.SEPMRA_C_ALP_ProductCatVHType"
	},
	"ProductCategory": "Headsets",
	"MainProductCategory": "Computer Components"
}, {
	"__metadata": {
		"id": "https://ldai2uia.wdf.sap.corp:44300/sap/opu/odata/sap/SEPMRA_ALP_SO_ANA_SRV/SEPMRA_C_ALP_ProductCatVH('MP3%20Players')",
		"uri": "https://ldai2uia.wdf.sap.corp:44300/sap/opu/odata/sap/SEPMRA_ALP_SO_ANA_SRV/SEPMRA_C_ALP_ProductCatVH('MP3%20Players')",
		"type": "SEPMRA_ALP_SO_ANA_SRV.SEPMRA_C_ALP_ProductCatVHType"
	},
	"ProductCategory": "MP3 Players",
	"MainProductCategory": "TV, Video & HiFi"
}, {
	"__metadata": {
		"id": "https://ldai2uia.wdf.sap.corp:44300/sap/opu/odata/sap/SEPMRA_ALP_SO_ANA_SRV/SEPMRA_C_ALP_ProductCatVH('Portable%20Players')",
		"uri": "https://ldai2uia.wdf.sap.corp:44300/sap/opu/odata/sap/SEPMRA_ALP_SO_ANA_SRV/SEPMRA_C_ALP_ProductCatVH('Portable%20Players')",
		"type": "SEPMRA_ALP_SO_ANA_SRV.SEPMRA_C_ALP_ProductCatVHType"
	},
	"ProductCategory": "Portable Players",
	"MainProductCategory": "TV, Video & HiFi"
}, {
	"__metadata": {
		"id": "https://ldai2uia.wdf.sap.corp:44300/sap/opu/odata/sap/SEPMRA_ALP_SO_ANA_SRV/SEPMRA_C_ALP_ProductCatVH('Projectors')",
		"uri": "https://ldai2uia.wdf.sap.corp:44300/sap/opu/odata/sap/SEPMRA_ALP_SO_ANA_SRV/SEPMRA_C_ALP_ProductCatVH('Projectors')",
		"type": "SEPMRA_ALP_SO_ANA_SRV.SEPMRA_C_ALP_ProductCatVHType"
	},
	"ProductCategory": "Projectors",
	"MainProductCategory": "TV, Video & HiFi"
}, {
	"__metadata": {
		"id": "https://ldai2uia.wdf.sap.corp:44300/sap/opu/odata/sap/SEPMRA_ALP_SO_ANA_SRV/SEPMRA_C_ALP_ProductCatVH('Tablets')",
		"uri": "https://ldai2uia.wdf.sap.corp:44300/sap/opu/odata/sap/SEPMRA_ALP_SO_ANA_SRV/SEPMRA_C_ALP_ProductCatVH('Tablets')",
		"type": "SEPMRA_ALP_SO_ANA_SRV.SEPMRA_C_ALP_ProductCatVHType"
	},
	"ProductCategory": "Tablets",
	"MainProductCategory": "Smartphones & Tablets"
}, {
	"__metadata": {
		"id": "https://ldai2uia.wdf.sap.corp:44300/sap/opu/odata/sap/SEPMRA_ALP_SO_ANA_SRV/SEPMRA_C_ALP_ProductCatVH('Smartphones')",
		"uri": "https://ldai2uia.wdf.sap.corp:44300/sap/opu/odata/sap/SEPMRA_ALP_SO_ANA_SRV/SEPMRA_C_ALP_ProductCatVH('Smartphones')",
		"type": "SEPMRA_ALP_SO_ANA_SRV.SEPMRA_C_ALP_ProductCatVHType"
	},
	"ProductCategory": "Smartphones",
	"MainProductCategory": "Smartphones & Tablets"
}, {
	"__metadata": {
		"id": "https://ldai2uia.wdf.sap.corp:44300/sap/opu/odata/sap/SEPMRA_ALP_SO_ANA_SRV/SEPMRA_C_ALP_ProductCatVH('Accessories')",
		"uri": "https://ldai2uia.wdf.sap.corp:44300/sap/opu/odata/sap/SEPMRA_ALP_SO_ANA_SRV/SEPMRA_C_ALP_ProductCatVH('Accessories')",
		"type": "SEPMRA_ALP_SO_ANA_SRV.SEPMRA_C_ALP_ProductCatVHType"
	},
	"ProductCategory": "Accessories",
	"MainProductCategory": "Smartphones & Tablets"
}, {
	"__metadata": {
		"id": "https://ldai2uia.wdf.sap.corp:44300/sap/opu/odata/sap/SEPMRA_ALP_SO_ANA_SRV/SEPMRA_C_ALP_ProductCatVH('Camcorders')",
		"uri": "https://ldai2uia.wdf.sap.corp:44300/sap/opu/odata/sap/SEPMRA_ALP_SO_ANA_SRV/SEPMRA_C_ALP_ProductCatVH('Camcorders')",
		"type": "SEPMRA_ALP_SO_ANA_SRV.SEPMRA_C_ALP_ProductCatVHType"
	},
	"ProductCategory": "Camcorders",
	"MainProductCategory": "TV, Video & HiFi"
}]