[{
	"__metadata": {
		"id": "https://ldai3uia.wdf.sap.corp:44300/sap/opu/odata/sap/SEPMRA_ALP_SO_ANA_SRV/SEPMRA_C_ALP_CalendarMonthVH('01')",
		"uri": "https://ldai3uia.wdf.sap.corp:44300/sap/opu/odata/sap/SEPMRA_ALP_SO_ANA_SRV/SEPMRA_C_ALP_CalendarMonthVH('01')",
		"type": "SEPMRA_ALP_SO_ANA_SRV.SEPMRA_C_ALP_CalendarMonthVHType"
	},
	"CalendarMonth": "01",
	"CalendarMonthT": "January"
}, {
	"__metadata": {
		"id": "https://ldai3uia.wdf.sap.corp:44300/sap/opu/odata/sap/SEPMRA_ALP_SO_ANA_SRV/SEPMRA_C_ALP_CalendarMonthVH('02')",
		"uri": "https://ldai3uia.wdf.sap.corp:44300/sap/opu/odata/sap/SEPMRA_ALP_SO_ANA_SRV/SEPMRA_C_ALP_CalendarMonthVH('02')",
		"type": "SEPMRA_ALP_SO_ANA_SRV.SEPMRA_C_ALP_CalendarMonthVHType"
	},
	"CalendarMonth": "02",
	"CalendarMonthT": "February"
}, {
	"__metadata": {
		"id": "https://ldai3uia.wdf.sap.corp:44300/sap/opu/odata/sap/SEPMRA_ALP_SO_ANA_SRV/SEPMRA_C_ALP_CalendarMonthVH('03')",
		"uri": "https://ldai3uia.wdf.sap.corp:44300/sap/opu/odata/sap/SEPMRA_ALP_SO_ANA_SRV/SEPMRA_C_ALP_CalendarMonthVH('03')",
		"type": "SEPMRA_ALP_SO_ANA_SRV.SEPMRA_C_ALP_CalendarMonthVHType"
	},
	"CalendarMonth": "03",
	"CalendarMonthT": "March"
}, {
	"__metadata": {
		"id": "https://ldai3uia.wdf.sap.corp:44300/sap/opu/odata/sap/SEPMRA_ALP_SO_ANA_SRV/SEPMRA_C_ALP_CalendarMonthVH('04')",
		"uri": "https://ldai3uia.wdf.sap.corp:44300/sap/opu/odata/sap/SEPMRA_ALP_SO_ANA_SRV/SEPMRA_C_ALP_CalendarMonthVH('04')",
		"type": "SEPMRA_ALP_SO_ANA_SRV.SEPMRA_C_ALP_CalendarMonthVHType"
	},
	"CalendarMonth": "04",
	"CalendarMonthT": "April"
}, {
	"__metadata": {
		"id": "https://ldai3uia.wdf.sap.corp:44300/sap/opu/odata/sap/SEPMRA_ALP_SO_ANA_SRV/SEPMRA_C_ALP_CalendarMonthVH('05')",
		"uri": "https://ldai3uia.wdf.sap.corp:44300/sap/opu/odata/sap/SEPMRA_ALP_SO_ANA_SRV/SEPMRA_C_ALP_CalendarMonthVH('05')",
		"type": "SEPMRA_ALP_SO_ANA_SRV.SEPMRA_C_ALP_CalendarMonthVHType"
	},
	"CalendarMonth": "05",
	"CalendarMonthT": "May"
}, {
	"__metadata": {
		"id": "https://ldai3uia.wdf.sap.corp:44300/sap/opu/odata/sap/SEPMRA_ALP_SO_ANA_SRV/SEPMRA_C_ALP_CalendarMonthVH('06')",
		"uri": "https://ldai3uia.wdf.sap.corp:44300/sap/opu/odata/sap/SEPMRA_ALP_SO_ANA_SRV/SEPMRA_C_ALP_CalendarMonthVH('06')",
		"type": "SEPMRA_ALP_SO_ANA_SRV.SEPMRA_C_ALP_CalendarMonthVHType"
	},
	"CalendarMonth": "06",
	"CalendarMonthT": "June"
}, {
	"__metadata": {
		"id": "https://ldai3uia.wdf.sap.corp:44300/sap/opu/odata/sap/SEPMRA_ALP_SO_ANA_SRV/SEPMRA_C_ALP_CalendarMonthVH('07')",
		"uri": "https://ldai3uia.wdf.sap.corp:44300/sap/opu/odata/sap/SEPMRA_ALP_SO_ANA_SRV/SEPMRA_C_ALP_CalendarMonthVH('07')",
		"type": "SEPMRA_ALP_SO_ANA_SRV.SEPMRA_C_ALP_CalendarMonthVHType"
	},
	"CalendarMonth": "07",
	"CalendarMonthT": "July"
}, {
	"__metadata": {
		"id": "https://ldai3uia.wdf.sap.corp:44300/sap/opu/odata/sap/SEPMRA_ALP_SO_ANA_SRV/SEPMRA_C_ALP_CalendarMonthVH('08')",
		"uri": "https://ldai3uia.wdf.sap.corp:44300/sap/opu/odata/sap/SEPMRA_ALP_SO_ANA_SRV/SEPMRA_C_ALP_CalendarMonthVH('08')",
		"type": "SEPMRA_ALP_SO_ANA_SRV.SEPMRA_C_ALP_CalendarMonthVHType"
	},
	"CalendarMonth": "08",
	"CalendarMonthT": "August"
}, {
	"__metadata": {
		"id": "https://ldai3uia.wdf.sap.corp:44300/sap/opu/odata/sap/SEPMRA_ALP_SO_ANA_SRV/SEPMRA_C_ALP_CalendarMonthVH('09')",
		"uri": "https://ldai3uia.wdf.sap.corp:44300/sap/opu/odata/sap/SEPMRA_ALP_SO_ANA_SRV/SEPMRA_C_ALP_CalendarMonthVH('09')",
		"type": "SEPMRA_ALP_SO_ANA_SRV.SEPMRA_C_ALP_CalendarMonthVHType"
	},
	"CalendarMonth": "09",
	"CalendarMonthT": "September"
}, {
	"__metadata": {
		"id": "https://ldai3uia.wdf.sap.corp:44300/sap/opu/odata/sap/SEPMRA_ALP_SO_ANA_SRV/SEPMRA_C_ALP_CalendarMonthVH('10')",
		"uri": "https://ldai3uia.wdf.sap.corp:44300/sap/opu/odata/sap/SEPMRA_ALP_SO_ANA_SRV/SEPMRA_C_ALP_CalendarMonthVH('10')",
		"type": "SEPMRA_ALP_SO_ANA_SRV.SEPMRA_C_ALP_CalendarMonthVHType"
	},
	"CalendarMonth": "10",
	"CalendarMonthT": "October"
}, {
	"__metadata": {
		"id": "https://ldai3uia.wdf.sap.corp:44300/sap/opu/odata/sap/SEPMRA_ALP_SO_ANA_SRV/SEPMRA_C_ALP_CalendarMonthVH('11')",
		"uri": "https://ldai3uia.wdf.sap.corp:44300/sap/opu/odata/sap/SEPMRA_ALP_SO_ANA_SRV/SEPMRA_C_ALP_CalendarMonthVH('11')",
		"type": "SEPMRA_ALP_SO_ANA_SRV.SEPMRA_C_ALP_CalendarMonthVHType"
	},
	"CalendarMonth": "11",
	"CalendarMonthT": "November"
}, {
	"__metadata": {
		"id": "https://ldai3uia.wdf.sap.corp:44300/sap/opu/odata/sap/SEPMRA_ALP_SO_ANA_SRV/SEPMRA_C_ALP_CalendarMonthVH('12')",
		"uri": "https://ldai3uia.wdf.sap.corp:44300/sap/opu/odata/sap/SEPMRA_ALP_SO_ANA_SRV/SEPMRA_C_ALP_CalendarMonthVH('12')",
		"type": "SEPMRA_ALP_SO_ANA_SRV.SEPMRA_C_ALP_CalendarMonthVHType"
	},
	"CalendarMonth": "12",
	"CalendarMonthT": "December"
}]