{
  "d" : {
    "results" : [
      {
        "__metadata" : {
          "id" : "https://ldai2uia.wdf.sap.corp:44300/sap/opu/odata/sap/SEPMRA_ALP_SO_ANA_SRV/SEPMRA_C_ALP_Customer('100000000')",
          "uri" : "https://ldai2uia.wdf.sap.corp:44300/sap/opu/odata/sap/SEPMRA_ALP_SO_ANA_SRV/SEPMRA_C_ALP_Customer('100000000')",
          "type" : "SEPMRA_ALP_SO_ANA_SRV.SEPMRA_C_ALP_CustomerType"
        },
        "Customer" : "100000000",
        "CompanyName" : "SAP",
        "EmailAddress" : "customer-do.not.reply@sap.com",
        "FaxNumber" : "0622734004",
        "PhoneNumber" : "0622734567",
        "URL" : "http://www.sap.com"
      },
      {
        "__metadata" : {
          "id" : "https://ldai2uia.wdf.sap.corp:44300/sap/opu/odata/sap/SEPMRA_ALP_SO_ANA_SRV/SEPMRA_C_ALP_Customer('100000001')",
          "uri" : "https://ldai2uia.wdf.sap.corp:44300/sap/opu/odata/sap/SEPMRA_ALP_SO_ANA_SRV/SEPMRA_C_ALP_Customer('100000001')",
          "type" : "SEPMRA_ALP_SO_ANA_SRV.SEPMRA_C_ALP_CustomerType"
        },
        "Customer" : "100000001",
        "CompanyName" : "Becker Berlin",
        "EmailAddress" : "customer-dagmar.schulze@beckerberlin.de",
        "FaxNumber" : "3088004",
        "PhoneNumber" : "3088530",
        "URL" : "http://www.beckerberlin.de"
      },
      {
        "__metadata" : {
          "id" : "https://ldai2uia.wdf.sap.corp:44300/sap/opu/odata/sap/SEPMRA_ALP_SO_ANA_SRV/SEPMRA_C_ALP_Customer('100000002')",
          "uri" : "https://ldai2uia.wdf.sap.corp:44300/sap/opu/odata/sap/SEPMRA_ALP_SO_ANA_SRV/SEPMRA_C_ALP_Customer('100000002')",
          "type" : "SEPMRA_ALP_SO_ANA_SRV.SEPMRA_C_ALP_CustomerType"
        },
        "Customer" : "100000002",
        "CompanyName" : "DelBont Industries",
        "EmailAddress" : "customer-maria.brown@delbont.com",
        "FaxNumber" : "3023352004",
        "PhoneNumber" : "3023352668",
        "URL" : "http://www.delbont.com"
      },
      {
        "__metadata" : {
          "id" : "https://ldai2uia.wdf.sap.corp:44300/sap/opu/odata/sap/SEPMRA_ALP_SO_ANA_SRV/SEPMRA_C_ALP_Customer('100000003')",
          "uri" : "https://ldai2uia.wdf.sap.corp:44300/sap/opu/odata/sap/SEPMRA_ALP_SO_ANA_SRV/SEPMRA_C_ALP_Customer('100000003')",
          "type" : "SEPMRA_ALP_SO_ANA_SRV.SEPMRA_C_ALP_CustomerType"
        },
        "Customer" : "100000003",
        "CompanyName" : "Talpa",
        "EmailAddress" : "customer-saskia.sommer@talpa-hannover.de",
        "FaxNumber" : "511403004",
        "PhoneNumber" : "511403266",
        "URL" : "http://www.talpa-hannover.de"
      },
      {
        "__metadata" : {
          "id" : "https://ldai2uia.wdf.sap.corp:44300/sap/opu/odata/sap/SEPMRA_ALP_SO_ANA_SRV/SEPMRA_C_ALP_Customer('100000004')",
          "uri" : "https://ldai2uia.wdf.sap.corp:44300/sap/opu/odata/sap/SEPMRA_ALP_SO_ANA_SRV/SEPMRA_C_ALP_Customer('100000004')",
          "type" : "SEPMRA_ALP_SO_ANA_SRV.SEPMRA_C_ALP_CustomerType"
        },
        "Customer" : "100000004",
        "CompanyName" : "Panorama Studios",
        "EmailAddress" : "customer-bob.buyer@panorama-studios.biz",
        "FaxNumber" : "2244668004",
        "PhoneNumber" : "2244668800",
        "URL" : "http://www.panorama-studios.biz"
      },
      {
        "__metadata" : {
          "id" : "https://ldai2uia.wdf.sap.corp:44300/sap/opu/odata/sap/SEPMRA_ALP_SO_ANA_SRV/SEPMRA_C_ALP_Customer('100000005')",
          "uri" : "https://ldai2uia.wdf.sap.corp:44300/sap/opu/odata/sap/SEPMRA_ALP_SO_ANA_SRV/SEPMRA_C_ALP_Customer('100000005')",
          "type" : "SEPMRA_ALP_SO_ANA_SRV.SEPMRA_C_ALP_CustomerType"
        },
        "Customer" : "100000005",
        "CompanyName" : "TECUM",
        "EmailAddress" : "customer-bart.koenig@tecum-ag.de",
        "FaxNumber" : "2511004",
        "PhoneNumber" : "2511415",
        "URL" : "http://www.tecum-ag.de"
      },
      {
        "__metadata" : {
          "id" : "https://ldai2uia.wdf.sap.corp:44300/sap/opu/odata/sap/SEPMRA_ALP_SO_ANA_SRV/SEPMRA_C_ALP_Customer('100000006')",
          "uri" : "https://ldai2uia.wdf.sap.corp:44300/sap/opu/odata/sap/SEPMRA_ALP_SO_ANA_SRV/SEPMRA_C_ALP_Customer('100000006')",
          "type" : "SEPMRA_ALP_SO_ANA_SRV.SEPMRA_C_ALP_CustomerType"
        },
        "Customer" : "100000006",
        "CompanyName" : "Asia High tech",
        "EmailAddress" : "customer-yoko.nakamura@asia-ht.com",
        "FaxNumber" : "9078563004",
        "PhoneNumber" : "9078563412",
        "URL" : "http://www.asia-ht.com"
      },
      {
        "__metadata" : {
          "id" : "https://ldai2uia.wdf.sap.corp:44300/sap/opu/odata/sap/SEPMRA_ALP_SO_ANA_SRV/SEPMRA_C_ALP_Customer('100000007')",
          "uri" : "https://ldai2uia.wdf.sap.corp:44300/sap/opu/odata/sap/SEPMRA_ALP_SO_ANA_SRV/SEPMRA_C_ALP_Customer('100000007')",
          "type" : "SEPMRA_ALP_SO_ANA_SRV.SEPMRA_C_ALP_CustomerType"
        },
        "Customer" : "100000007",
        "CompanyName" : "Laurent",
        "EmailAddress" : "customer-sophie.ribery@laurent-paris.com",
        "FaxNumber" : "149744004",
        "PhoneNumber" : "149744423",
        "URL" : "http://www.laurent-paris.com"
      },
      {
        "__metadata" : {
          "id" : "https://ldai2uia.wdf.sap.corp:44300/sap/opu/odata/sap/SEPMRA_ALP_SO_ANA_SRV/SEPMRA_C_ALP_Customer('100000008')",
          "uri" : "https://ldai2uia.wdf.sap.corp:44300/sap/opu/odata/sap/SEPMRA_ALP_SO_ANA_SRV/SEPMRA_C_ALP_Customer('100000008')",
          "type" : "SEPMRA_ALP_SO_ANA_SRV.SEPMRA_C_ALP_CustomerType"
        },
        "Customer" : "100000008",
        "CompanyName" : "AVANTEL",
        "EmailAddress" : "customer-victor.sanchez@avantel.com",
        "FaxNumber" : "7257004",
        "PhoneNumber" : "7257716",
        "URL" : "http://www.avantel.com"
      },
      {
        "__metadata" : {
          "id" : "https://ldai2uia.wdf.sap.corp:44300/sap/opu/odata/sap/SEPMRA_ALP_SO_ANA_SRV/SEPMRA_C_ALP_Customer('100000009')",
          "uri" : "https://ldai2uia.wdf.sap.corp:44300/sap/opu/odata/sap/SEPMRA_ALP_SO_ANA_SRV/SEPMRA_C_ALP_Customer('100000009')",
          "type" : "SEPMRA_ALP_SO_ANA_SRV.SEPMRA_C_ALP_CustomerType"
        },
        "Customer" : "100000009",
        "CompanyName" : "Telecomunicaciones Star",
        "EmailAddress" : "customer-jorge.velez@telecomunicacionesstar.com",
        "FaxNumber" : "1133557004",
        "PhoneNumber" : "1133557799",
        "URL" : "http://www.telecomunicacionesstar.com"
      },
      {
        "__metadata" : {
          "id" : "https://ldai2uia.wdf.sap.corp:44300/sap/opu/odata/sap/SEPMRA_ALP_SO_ANA_SRV/SEPMRA_C_ALP_Customer('100000010')",
          "uri" : "https://ldai2uia.wdf.sap.corp:44300/sap/opu/odata/sap/SEPMRA_ALP_SO_ANA_SRV/SEPMRA_C_ALP_Customer('100000010')",
          "type" : "SEPMRA_ALP_SO_ANA_SRV.SEPMRA_C_ALP_CustomerType"
        },
        "Customer" : "100000010",
        "CompanyName" : "Pear Computing Services",
        "EmailAddress" : "customer-franklin.jones@pear-computing.com",
        "FaxNumber" : "6789012004",
        "PhoneNumber" : "6789012345",
        "URL" : "http://www.pear-computing.com"
      },
      {
        "__metadata" : {
          "id" : "https://ldai2uia.wdf.sap.corp:44300/sap/opu/odata/sap/SEPMRA_ALP_SO_ANA_SRV/SEPMRA_C_ALP_Customer('100000011')",
          "uri" : "https://ldai2uia.wdf.sap.corp:44300/sap/opu/odata/sap/SEPMRA_ALP_SO_ANA_SRV/SEPMRA_C_ALP_Customer('100000011')",
          "type" : "SEPMRA_ALP_SO_ANA_SRV.SEPMRA_C_ALP_CustomerType"
        },
        "Customer" : "100000011",
        "CompanyName" : "Alpine Systems",
        "EmailAddress" : "customer-joseph_gschwandtner@alp-systems.at",
        "FaxNumber" : "6623612004",
        "PhoneNumber" : "6623612804",
        "URL" : "http://www.alp-systems.at"
      },
      {
        "__metadata" : {
          "id" : "https://ldai2uia.wdf.sap.corp:44300/sap/opu/odata/sap/SEPMRA_ALP_SO_ANA_SRV/SEPMRA_C_ALP_Customer('100000012')",
          "uri" : "https://ldai2uia.wdf.sap.corp:44300/sap/opu/odata/sap/SEPMRA_ALP_SO_ANA_SRV/SEPMRA_C_ALP_Customer('100000012')",
          "type" : "SEPMRA_ALP_SO_ANA_SRV.SEPMRA_C_ALP_CustomerType"
        },
        "Customer" : "100000012",
        "CompanyName" : "New Line Design",
        "EmailAddress" : "customer-george_d_grant@newlinedesign.co.uk",
        "FaxNumber" : "2589436004",
        "PhoneNumber" : "2589436180",
        "URL" : "http://www.newlinedesign.co.uk"
      },
      {
        "__metadata" : {
          "id" : "https://ldai2uia.wdf.sap.corp:44300/sap/opu/odata/sap/SEPMRA_ALP_SO_ANA_SRV/SEPMRA_C_ALP_Customer('100000013')",
          "uri" : "https://ldai2uia.wdf.sap.corp:44300/sap/opu/odata/sap/SEPMRA_ALP_SO_ANA_SRV/SEPMRA_C_ALP_Customer('100000013')",
          "type" : "SEPMRA_ALP_SO_ANA_SRV.SEPMRA_C_ALP_CustomerType"
        },
        "Customer" : "100000013",
        "CompanyName" : "HEPA Tec",
        "EmailAddress" : "customer-sarah.schwind@hepa-tec.de",
        "FaxNumber" : "4507867004",
        "PhoneNumber" : "4507867136",
        "URL" : "http://www.hepa-tec.de"
      },
      {
        "__metadata" : {
          "id" : "https://ldai2uia.wdf.sap.corp:44300/sap/opu/odata/sap/SEPMRA_ALP_SO_ANA_SRV/SEPMRA_C_ALP_Customer('100000014')",
          "uri" : "https://ldai2uia.wdf.sap.corp:44300/sap/opu/odata/sap/SEPMRA_ALP_SO_ANA_SRV/SEPMRA_C_ALP_Customer('100000014')",
          "type" : "SEPMRA_ALP_SO_ANA_SRV.SEPMRA_C_ALP_CustomerType"
        },
        "Customer" : "100000014",
        "CompanyName" : "Anav Ideon",
        "EmailAddress" : "customer-theodor.monathy@anavideon.com",
        "FaxNumber" : "5850428004",
        "PhoneNumber" : "5850428367",
        "URL" : "http://www.anavideon.com"
      },
      {
        "__metadata" : {
          "id" : "https://ldai2uia.wdf.sap.corp:44300/sap/opu/odata/sap/SEPMRA_ALP_SO_ANA_SRV/SEPMRA_C_ALP_Customer('100000015')",
          "uri" : "https://ldai2uia.wdf.sap.corp:44300/sap/opu/odata/sap/SEPMRA_ALP_SO_ANA_SRV/SEPMRA_C_ALP_Customer('100000015')",
          "type" : "SEPMRA_ALP_SO_ANA_SRV.SEPMRA_C_ALP_CustomerType"
        },
        "Customer" : "100000015",
        "CompanyName" : "Robert Brown Entertainment",
        "EmailAddress" : "customer-robert_brown@rb-entertainment.ca",
        "FaxNumber" : "7609448004",
        "PhoneNumber" : "7609448173",
        "URL" : "http://www.rb-entertainment.ca"
      },
      {
        "__metadata" : {
          "id" : "https://ldai2uia.wdf.sap.corp:44300/sap/opu/odata/sap/SEPMRA_ALP_SO_ANA_SRV/SEPMRA_C_ALP_Customer('100000016')",
          "uri" : "https://ldai2uia.wdf.sap.corp:44300/sap/opu/odata/sap/SEPMRA_ALP_SO_ANA_SRV/SEPMRA_C_ALP_Customer('100000016')",
          "type" : "SEPMRA_ALP_SO_ANA_SRV.SEPMRA_C_ALP_CustomerType"
        },
        "Customer" : "100000016",
        "CompanyName" : "Mexican Oil Trading Company",
        "EmailAddress" : "customer-jorgemontalban@motc.mx",
        "FaxNumber" : "6879342004",
        "PhoneNumber" : "6879342945",
        "URL" : "http://www.motc.mx"
      },
      {
        "__metadata" : {
          "id" : "https://ldai2uia.wdf.sap.corp:44300/sap/opu/odata/sap/SEPMRA_ALP_SO_ANA_SRV/SEPMRA_C_ALP_Customer('100000017')",
          "uri" : "https://ldai2uia.wdf.sap.corp:44300/sap/opu/odata/sap/SEPMRA_ALP_SO_ANA_SRV/SEPMRA_C_ALP_Customer('100000017')",
          "type" : "SEPMRA_ALP_SO_ANA_SRV.SEPMRA_C_ALP_CustomerType"
        },
        "Customer" : "100000017",
        "CompanyName" : "Meliva",
        "EmailAddress" : "customer-johanna.esther@meliva.de",
        "FaxNumber" : "2208791004",
        "PhoneNumber" : "2208791738",
        "URL" : "http://www.meliva.de"
      },
      {
        "__metadata" : {
          "id" : "https://ldai2uia.wdf.sap.corp:44300/sap/opu/odata/sap/SEPMRA_ALP_SO_ANA_SRV/SEPMRA_C_ALP_Customer('100000018')",
          "uri" : "https://ldai2uia.wdf.sap.corp:44300/sap/opu/odata/sap/SEPMRA_ALP_SO_ANA_SRV/SEPMRA_C_ALP_Customer('100000018')",
          "type" : "SEPMRA_ALP_SO_ANA_SRV.SEPMRA_C_ALP_CustomerType"
        },
        "Customer" : "100000018",
        "CompanyName" : "Compostela",
        "EmailAddress" : "customer-miguel.luengo@compostela.ar",
        "FaxNumber" : "4440238004",
        "PhoneNumber" : "4440238917",
        "URL" : "http://www.compostela.ar"
      },
      {
        "__metadata" : {
          "id" : "https://ldai2uia.wdf.sap.corp:44300/sap/opu/odata/sap/SEPMRA_ALP_SO_ANA_SRV/SEPMRA_C_ALP_Customer('100000019')",
          "uri" : "https://ldai2uia.wdf.sap.corp:44300/sap/opu/odata/sap/SEPMRA_ALP_SO_ANA_SRV/SEPMRA_C_ALP_Customer('100000019')",
          "type" : "SEPMRA_ALP_SO_ANA_SRV.SEPMRA_C_ALP_CustomerType"
        },
        "Customer" : "100000019",
        "CompanyName" : "Pateu",
        "EmailAddress" : "customer-isabel.nemours@pateu.fr",
        "FaxNumber" : "6328490004",
        "PhoneNumber" : "6328490087",
        "URL" : "http://www.pateu.fr"
      },
      {
        "__metadata" : {
          "id" : "https://ldai2uia.wdf.sap.corp:44300/sap/opu/odata/sap/SEPMRA_ALP_SO_ANA_SRV/SEPMRA_C_ALP_Customer('100000020')",
          "uri" : "https://ldai2uia.wdf.sap.corp:44300/sap/opu/odata/sap/SEPMRA_ALP_SO_ANA_SRV/SEPMRA_C_ALP_Customer('100000020')",
          "type" : "SEPMRA_ALP_SO_ANA_SRV.SEPMRA_C_ALP_CustomerType"
        },
        "Customer" : "100000020",
        "CompanyName" : "Russian Electronic Trading Company",
        "EmailAddress" : "customer-igor.tarassow@retc.ru",
        "FaxNumber" : "4050378004",
        "PhoneNumber" : "4050378468",
        "URL" : "http://www.retc.ru"
      },
      {
        "__metadata" : {
          "id" : "https://ldai2uia.wdf.sap.corp:44300/sap/opu/odata/sap/SEPMRA_ALP_SO_ANA_SRV/SEPMRA_C_ALP_Customer('100000021')",
          "uri" : "https://ldai2uia.wdf.sap.corp:44300/sap/opu/odata/sap/SEPMRA_ALP_SO_ANA_SRV/SEPMRA_C_ALP_Customer('100000021')",
          "type" : "SEPMRA_ALP_SO_ANA_SRV.SEPMRA_C_ALP_CustomerType"
        },
        "Customer" : "100000021",
        "CompanyName" : "Florida Holiday Company",
        "EmailAddress" : "customer-alexis.harper@flor-hc.com",
        "FaxNumber" : "6065470004",
        "PhoneNumber" : "6065470312",
        "URL" : "http://www.flor-hc.com"
      },
      {
        "__metadata" : {
          "id" : "https://ldai2uia.wdf.sap.corp:44300/sap/opu/odata/sap/SEPMRA_ALP_SO_ANA_SRV/SEPMRA_C_ALP_Customer('100000022')",
          "uri" : "https://ldai2uia.wdf.sap.corp:44300/sap/opu/odata/sap/SEPMRA_ALP_SO_ANA_SRV/SEPMRA_C_ALP_Customer('100000022')",
          "type" : "SEPMRA_ALP_SO_ANA_SRV.SEPMRA_C_ALP_CustomerType"
        },
        "Customer" : "100000022",
        "CompanyName" : "Quimica Madrilenos",
        "EmailAddress" : "customer-c.alfaro@quimica-madrilenos.es",
        "FaxNumber" : "7980023004",
        "PhoneNumber" : "7980023486",
        "URL" : "http://www.quimica-madrilenos.es"
      },
      {
        "__metadata" : {
          "id" : "https://ldai2uia.wdf.sap.corp:44300/sap/opu/odata/sap/SEPMRA_ALP_SO_ANA_SRV/SEPMRA_C_ALP_Customer('100000023')",
          "uri" : "https://ldai2uia.wdf.sap.corp:44300/sap/opu/odata/sap/SEPMRA_ALP_SO_ANA_SRV/SEPMRA_C_ALP_Customer('100000023')",
          "type" : "SEPMRA_ALP_SO_ANA_SRV.SEPMRA_C_ALP_CustomerType"
        },
        "Customer" : "100000023",
        "CompanyName" : "Getränkegroßhandel Janssen",
        "EmailAddress" : "customer-sven.j@getraenke-janssen.de",
        "FaxNumber" : "3629731004",
        "PhoneNumber" : "3629731486",
        "URL" : "http://www.getraenke-janssen.de"
      },
      {
        "__metadata" : {
          "id" : "https://ldai2uia.wdf.sap.corp:44300/sap/opu/odata/sap/SEPMRA_ALP_SO_ANA_SRV/SEPMRA_C_ALP_Customer('100000024')",
          "uri" : "https://ldai2uia.wdf.sap.corp:44300/sap/opu/odata/sap/SEPMRA_ALP_SO_ANA_SRV/SEPMRA_C_ALP_Customer('100000024')",
          "type" : "SEPMRA_ALP_SO_ANA_SRV.SEPMRA_C_ALP_CustomerType"
        },
        "Customer" : "100000024",
        "CompanyName" : "JaTeCo",
        "EmailAddress" : "customer-yoshiko.kakuji@jateco.jp",
        "FaxNumber" : "3206580004",
        "PhoneNumber" : "3206580974",
        "URL" : "http://www.jateco.jp"
      },
      {
        "__metadata" : {
          "id" : "https://ldai2uia.wdf.sap.corp:44300/sap/opu/odata/sap/SEPMRA_ALP_SO_ANA_SRV/SEPMRA_C_ALP_Customer('100000025')",
          "uri" : "https://ldai2uia.wdf.sap.corp:44300/sap/opu/odata/sap/SEPMRA_ALP_SO_ANA_SRV/SEPMRA_C_ALP_Customer('100000025')",
          "type" : "SEPMRA_ALP_SO_ANA_SRV.SEPMRA_C_ALP_CustomerType"
        },
        "Customer" : "100000025",
        "CompanyName" : "Tessile Casa Di Roma",
        "EmailAddress" : "customer-alessio.galasso@tcdr.it",
        "FaxNumber" : "4580963004",
        "PhoneNumber" : "4580963184",
        "URL" : "http://www.tcdr.it"
      },
      {
        "__metadata" : {
          "id" : "https://ldai2uia.wdf.sap.corp:44300/sap/opu/odata/sap/SEPMRA_ALP_SO_ANA_SRV/SEPMRA_C_ALP_Customer('100000026')",
          "uri" : "https://ldai2uia.wdf.sap.corp:44300/sap/opu/odata/sap/SEPMRA_ALP_SO_ANA_SRV/SEPMRA_C_ALP_Customer('100000026')",
          "type" : "SEPMRA_ALP_SO_ANA_SRV.SEPMRA_C_ALP_CustomerType"
        },
        "Customer" : "100000026",
        "CompanyName" : "Vente Et Réparation de Ordinateur",
        "EmailAddress" : "customer-romain.le_mason@verdo.fr",
        "FaxNumber" : "1012697004",
        "PhoneNumber" : "1012697341",
        "URL" : "http://www.verdo.fr"
      },
      {
        "__metadata" : {
          "id" : "https://ldai2uia.wdf.sap.corp:44300/sap/opu/odata/sap/SEPMRA_ALP_SO_ANA_SRV/SEPMRA_C_ALP_Customer('100000027')",
          "uri" : "https://ldai2uia.wdf.sap.corp:44300/sap/opu/odata/sap/SEPMRA_ALP_SO_ANA_SRV/SEPMRA_C_ALP_Customer('100000027')",
          "type" : "SEPMRA_ALP_SO_ANA_SRV.SEPMRA_C_ALP_CustomerType"
        },
        "Customer" : "100000027",
        "CompanyName" : "Developement Para O Governo",
        "EmailAddress" : "customer-martha.calcagno@dpg.ar",
        "FaxNumber" : "7345697004",
        "PhoneNumber" : "7345697824",
        "URL" : "http://www.dpg.ar"
      },
      {
        "__metadata" : {
          "id" : "https://ldai2uia.wdf.sap.corp:44300/sap/opu/odata/sap/SEPMRA_ALP_SO_ANA_SRV/SEPMRA_C_ALP_Customer('100000028')",
          "uri" : "https://ldai2uia.wdf.sap.corp:44300/sap/opu/odata/sap/SEPMRA_ALP_SO_ANA_SRV/SEPMRA_C_ALP_Customer('100000028')",
          "type" : "SEPMRA_ALP_SO_ANA_SRV.SEPMRA_C_ALP_CustomerType"
        },
        "Customer" : "100000028",
        "CompanyName" : "Brazil Technologies",
        "EmailAddress" : "customer-beatriz.da_silva@brazil-tec.br",
        "FaxNumber" : "469614004",
        "PhoneNumber" : "469614115",
        "URL" : "http://www.brazil-tec.br"
      },
      {
        "__metadata" : {
          "id" : "https://ldai2uia.wdf.sap.corp:44300/sap/opu/odata/sap/SEPMRA_ALP_SO_ANA_SRV/SEPMRA_C_ALP_Customer('100000029')",
          "uri" : "https://ldai2uia.wdf.sap.corp:44300/sap/opu/odata/sap/SEPMRA_ALP_SO_ANA_SRV/SEPMRA_C_ALP_Customer('100000029')",
          "type" : "SEPMRA_ALP_SO_ANA_SRV.SEPMRA_C_ALP_CustomerType"
        },
        "Customer" : "100000029",
        "CompanyName" : "C.R.T.U.",
        "EmailAddress" : "customer-anthony.lebouef@crtu.ca",
        "FaxNumber" : "6839542004",
        "PhoneNumber" : "6839542781",
        "URL" : "http://www.crtu.ca"
      },
      {
        "__metadata" : {
          "id" : "https://ldai2uia.wdf.sap.corp:44300/sap/opu/odata/sap/SEPMRA_ALP_SO_ANA_SRV/SEPMRA_C_ALP_Customer('100000030')",
          "uri" : "https://ldai2uia.wdf.sap.corp:44300/sap/opu/odata/sap/SEPMRA_ALP_SO_ANA_SRV/SEPMRA_C_ALP_Customer('100000030')",
          "type" : "SEPMRA_ALP_SO_ANA_SRV.SEPMRA_C_ALP_CustomerType"
        },
        "Customer" : "100000030",
        "CompanyName" : "Jologa",
        "EmailAddress" : "customer-lisa.felske@jologa.ch",
        "FaxNumber" : "6714954004",
        "PhoneNumber" : "6714954542",
        "URL" : "http://www.jologa.ch"
      },
      {
        "__metadata" : {
          "id" : "https://ldai2uia.wdf.sap.corp:44300/sap/opu/odata/sap/SEPMRA_ALP_SO_ANA_SRV/SEPMRA_C_ALP_Customer('100000031')",
          "uri" : "https://ldai2uia.wdf.sap.corp:44300/sap/opu/odata/sap/SEPMRA_ALP_SO_ANA_SRV/SEPMRA_C_ALP_Customer('100000031')",
          "type" : "SEPMRA_ALP_SO_ANA_SRV.SEPMRA_C_ALP_CustomerType"
        },
        "Customer" : "100000031",
        "CompanyName" : "Baleda",
        "EmailAddress" : "customer-jonathan.d.mason@baleda.com",
        "FaxNumber" : "2483693004",
        "PhoneNumber" : "2483693027",
        "URL" : "http://www.baleda.com"
      },
      {
        "__metadata" : {
          "id" : "https://ldai2uia.wdf.sap.corp:44300/sap/opu/odata/sap/SEPMRA_ALP_SO_ANA_SRV/SEPMRA_C_ALP_Customer('100000032')",
          "uri" : "https://ldai2uia.wdf.sap.corp:44300/sap/opu/odata/sap/SEPMRA_ALP_SO_ANA_SRV/SEPMRA_C_ALP_Customer('100000032')",
          "type" : "SEPMRA_ALP_SO_ANA_SRV.SEPMRA_C_ALP_CustomerType"
        },
        "Customer" : "100000032",
        "CompanyName" : "Angeré",
        "EmailAddress" : "customer-amelie.troyat@angere.fr",
        "FaxNumber" : "2094573004",
        "PhoneNumber" : "2094573421",
        "URL" : "http://www.angere.fr"
      },
      {
        "__metadata" : {
          "id" : "https://ldai2uia.wdf.sap.corp:44300/sap/opu/odata/sap/SEPMRA_ALP_SO_ANA_SRV/SEPMRA_C_ALP_Customer('100000033')",
          "uri" : "https://ldai2uia.wdf.sap.corp:44300/sap/opu/odata/sap/SEPMRA_ALP_SO_ANA_SRV/SEPMRA_C_ALP_Customer('100000033')",
          "type" : "SEPMRA_ALP_SO_ANA_SRV.SEPMRA_C_ALP_CustomerType"
        },
        "Customer" : "100000033",
        "CompanyName" : "PC Gym Tec",
        "EmailAddress" : "customer-pete_waltham@pc-gym-tec.com",
        "FaxNumber" : "4136278004",
        "PhoneNumber" : "4136278910",
        "URL" : "http://www.pc-gym-tec.com"
      },
      {
        "__metadata" : {
          "id" : "https://ldai2uia.wdf.sap.corp:44300/sap/opu/odata/sap/SEPMRA_ALP_SO_ANA_SRV/SEPMRA_C_ALP_Customer('100000034')",
          "uri" : "https://ldai2uia.wdf.sap.corp:44300/sap/opu/odata/sap/SEPMRA_ALP_SO_ANA_SRV/SEPMRA_C_ALP_Customer('100000034')",
          "type" : "SEPMRA_ALP_SO_ANA_SRV.SEPMRA_C_ALP_CustomerType"
        },
        "Customer" : "100000034",
        "CompanyName" : "Japan Insurance Partner",
        "EmailAddress" : "customer-ryu.toshiro@jip.jp",
        "FaxNumber" : "3540671004",
        "PhoneNumber" : "3540671320",
        "URL" : "http://www.jip.jp"
      },
      {
        "__metadata" : {
          "id" : "https://ldai2uia.wdf.sap.corp:44300/sap/opu/odata/sap/SEPMRA_ALP_SO_ANA_SRV/SEPMRA_C_ALP_Customer('100000035')",
          "uri" : "https://ldai2uia.wdf.sap.corp:44300/sap/opu/odata/sap/SEPMRA_ALP_SO_ANA_SRV/SEPMRA_C_ALP_Customer('100000035')",
          "type" : "SEPMRA_ALP_SO_ANA_SRV.SEPMRA_C_ALP_CustomerType"
        },
        "Customer" : "100000035",
        "CompanyName" : "Entertainment Argentinia",
        "EmailAddress" : "customer-jose-lopez@en-ar.ar",
        "FaxNumber" : "7315064004",
        "PhoneNumber" : "7315064077",
        "URL" : "http://www.en-ar.ar"
      },
      {
        "__metadata" : {
          "id" : "https://ldai2uia.wdf.sap.corp:44300/sap/opu/odata/sap/SEPMRA_ALP_SO_ANA_SRV/SEPMRA_C_ALP_Customer('100000036')",
          "uri" : "https://ldai2uia.wdf.sap.corp:44300/sap/opu/odata/sap/SEPMRA_ALP_SO_ANA_SRV/SEPMRA_C_ALP_Customer('100000036')",
          "type" : "SEPMRA_ALP_SO_ANA_SRV.SEPMRA_C_ALP_CustomerType"
        },
        "Customer" : "100000036",
        "CompanyName" : "African Gold And Diamond Corporation",
        "EmailAddress" : "customer-dahoma.lawla@agadc.co.za",
        "FaxNumber" : "4381762004",
        "PhoneNumber" : "4381762683",
        "URL" : "http://www.agadc.co.za"
      },
      {
        "__metadata" : {
          "id" : "https://ldai2uia.wdf.sap.corp:44300/sap/opu/odata/sap/SEPMRA_ALP_SO_ANA_SRV/SEPMRA_C_ALP_Customer('100000037')",
          "uri" : "https://ldai2uia.wdf.sap.corp:44300/sap/opu/odata/sap/SEPMRA_ALP_SO_ANA_SRV/SEPMRA_C_ALP_Customer('100000037')",
          "type" : "SEPMRA_ALP_SO_ANA_SRV.SEPMRA_C_ALP_CustomerType"
        },
        "Customer" : "100000037",
        "CompanyName" : "PicoBit",
        "EmailAddress" : "customer-jefferson.parker@pico-bit.com",
        "FaxNumber" : "9703586004",
        "PhoneNumber" : "9703586412",
        "URL" : "http://www.pico-bit.com"
      },
      {
        "__metadata" : {
          "id" : "https://ldai2uia.wdf.sap.corp:44300/sap/opu/odata/sap/SEPMRA_ALP_SO_ANA_SRV/SEPMRA_C_ALP_Customer('100000038')",
          "uri" : "https://ldai2uia.wdf.sap.corp:44300/sap/opu/odata/sap/SEPMRA_ALP_SO_ANA_SRV/SEPMRA_C_ALP_Customer('100000038')",
          "type" : "SEPMRA_ALP_SO_ANA_SRV.SEPMRA_C_ALP_CustomerType"
        },
        "Customer" : "100000038",
        "CompanyName" : "Bionic Research Lab",
        "EmailAddress" : "customer-tamara.flaig@brl-ag.de",
        "FaxNumber" : "6843585004",
        "PhoneNumber" : "6843585642",
        "URL" : "http://www.brl-ag.de"
      },
      {
        "__metadata" : {
          "id" : "https://ldai2uia.wdf.sap.corp:44300/sap/opu/odata/sap/SEPMRA_ALP_SO_ANA_SRV/SEPMRA_C_ALP_Customer('100000039')",
          "uri" : "https://ldai2uia.wdf.sap.corp:44300/sap/opu/odata/sap/SEPMRA_ALP_SO_ANA_SRV/SEPMRA_C_ALP_Customer('100000039')",
          "type" : "SEPMRA_ALP_SO_ANA_SRV.SEPMRA_C_ALP_CustomerType"
        },
        "Customer" : "100000039",
        "CompanyName" : "Indian IT Trading Company",
        "EmailAddress" : "customer-sunita-kapoor@it-trade.in",
        "FaxNumber" : "4203876004",
        "PhoneNumber" : "4203876954",
        "URL" : "http://www.it-trade.in"
      },
      {
        "__metadata" : {
          "id" : "https://ldai2uia.wdf.sap.corp:44300/sap/opu/odata/sap/SEPMRA_ALP_SO_ANA_SRV/SEPMRA_C_ALP_Customer('100000040')",
          "uri" : "https://ldai2uia.wdf.sap.corp:44300/sap/opu/odata/sap/SEPMRA_ALP_SO_ANA_SRV/SEPMRA_C_ALP_Customer('100000040')",
          "type" : "SEPMRA_ALP_SO_ANA_SRV.SEPMRA_C_ALP_CustomerType"
        },
        "Customer" : "100000040",
        "CompanyName" : "Chemia A Technicznie Fabryka",
        "EmailAddress" : "customer-pawel-lewandoski@catf.pl",
        "FaxNumber" : "8367920004",
        "PhoneNumber" : "8367920106",
        "URL" : "http://www.catf.pl"
      },
      {
        "__metadata" : {
          "id" : "https://ldai2uia.wdf.sap.corp:44300/sap/opu/odata/sap/SEPMRA_ALP_SO_ANA_SRV/SEPMRA_C_ALP_Customer('100000041')",
          "uri" : "https://ldai2uia.wdf.sap.corp:44300/sap/opu/odata/sap/SEPMRA_ALP_SO_ANA_SRV/SEPMRA_C_ALP_Customer('100000041')",
          "type" : "SEPMRA_ALP_SO_ANA_SRV.SEPMRA_C_ALP_CustomerType"
        },
        "Customer" : "100000041",
        "CompanyName" : "South American IT Company",
        "EmailAddress" : "customer-laura.campillo@saitc.ar",
        "FaxNumber" : "1438907004",
        "PhoneNumber" : "1438907230",
        "URL" : "http://www.saitc.ar"
      },
      {
        "__metadata" : {
          "id" : "https://ldai2uia.wdf.sap.corp:44300/sap/opu/odata/sap/SEPMRA_ALP_SO_ANA_SRV/SEPMRA_C_ALP_Customer('100000042')",
          "uri" : "https://ldai2uia.wdf.sap.corp:44300/sap/opu/odata/sap/SEPMRA_ALP_SO_ANA_SRV/SEPMRA_C_ALP_Customer('100000042')",
          "type" : "SEPMRA_ALP_SO_ANA_SRV.SEPMRA_C_ALP_CustomerType"
        },
        "Customer" : "100000042",
        "CompanyName" : "Siwusha",
        "EmailAddress" : "customer-jian.si@siwusha.cn",
        "FaxNumber" : "7412697004",
        "PhoneNumber" : "7412697340",
        "URL" : "http://www.siwusha.cn"
      },
      {
        "__metadata" : {
          "id" : "https://ldai2uia.wdf.sap.corp:44300/sap/opu/odata/sap/SEPMRA_ALP_SO_ANA_SRV/SEPMRA_C_ALP_Customer('100000043')",
          "uri" : "https://ldai2uia.wdf.sap.corp:44300/sap/opu/odata/sap/SEPMRA_ALP_SO_ANA_SRV/SEPMRA_C_ALP_Customer('100000043')",
          "type" : "SEPMRA_ALP_SO_ANA_SRV.SEPMRA_C_ALP_CustomerType"
        },
        "Customer" : "100000043",
        "CompanyName" : "Danish Fish Trading Company",
        "EmailAddress" : "customer-frederik.christensen@dftc.dk",
        "FaxNumber" : "3102050004",
        "PhoneNumber" : "3102050749",
        "URL" : "http://www.dftc.dk"
      },
      {
        "__metadata" : {
          "id" : "https://ldai2uia.wdf.sap.corp:44300/sap/opu/odata/sap/SEPMRA_ALP_SO_ANA_SRV/SEPMRA_C_ALP_Customer('100000044')",
          "uri" : "https://ldai2uia.wdf.sap.corp:44300/sap/opu/odata/sap/SEPMRA_ALP_SO_ANA_SRV/SEPMRA_C_ALP_Customer('100000044')",
          "type" : "SEPMRA_ALP_SO_ANA_SRV.SEPMRA_C_ALP_CustomerType"
        },
        "Customer" : "100000044",
        "CompanyName" : "Sorali",
        "EmailAddress" : "customer-mirjam.schmidt@sorali.de",
        "FaxNumber" : "3102050004",
        "PhoneNumber" : "3102050749",
        "URL" : "http://www.sorali.de"
      },
      {
        "__metadata" : {
          "id" : "https://ldai2uia.wdf.sap.corp:44300/sap/opu/odata/sap/SEPMRA_ALP_SO_ANA_SRV/SEPMRA_C_ALP_Customer('100000045')",
          "uri" : "https://ldai2uia.wdf.sap.corp:44300/sap/opu/odata/sap/SEPMRA_ALP_SO_ANA_SRV/SEPMRA_C_ALP_Customer('100000045')",
          "type" : "SEPMRA_ALP_SO_ANA_SRV.SEPMRA_C_ALP_CustomerType"
        },
        "Customer" : "100000045",
        "CompanyName" : "Consumer",
        "EmailAddress" : "customer-dummy_address@sap.com",
        "FaxNumber" : "3102050004",
        "PhoneNumber" : "3102050749",
        "URL" : "http://www.sap.com"
      }
    ]
  }
}